source,entry_type,length,full_name
7z_list_sample,file,0,"\private\var\Keychains\Analytics"
7z_list_sample,file,0,"\private\var\Keychains\Analytics\trust_analytics.db-shm"
7z_list_sample,file,0,"\private\var\Keychains\Analytics\sos_analytics.db"
7z_list_sample,file,0,"\private\var\Keychains\Analytics\CloudServicesAnalytics.db-shm"
7z_list_sample,file,0,"\private\var\Keychains\Analytics\trust_analytics.db-wal"
7z_list_sample,file,0,"\private\var\Keychains\Analytics\CloudServicesAnalytics.db-wal"
7z_list_sample,file,0,"\private\var\Keychains\Analytics\networking_analytics.db-shm"
7z_list_sample,file,0,"\private\var\Keychains\Analytics\CloudServicesAnalytics.db"
7z_list_sample,file,0,"\private\var\Keychains\Analytics\localkeychain.db"
7z_list_sample,file,0,"\private\var\Keychains\Analytics\networking_analytics.db-wal"
7z_list_sample,file,0,"\private\var\Keychains\Analytics\SWTransparencyAnalytics.db-shm"
7z_list_sample,file,0,"\private\var\Keychains\Analytics\SWTransparencyAnalytics.db-wal"
7z_list_sample,file,0,"\private\var\Keychains\Analytics\SWTransparencyAnalytics.db"
7z_list_sample,file,0,"\private\var\Keychains\Analytics\sos_analytics.db-wal"
7z_list_sample,file,0,"\private\var\Keychains\Analytics\ckks_analytics.db-wal"
7z_list_sample,file,0,"\private\var\Keychains\Analytics\ckks_analytics.db"
7z_list_sample,file,0,"\private\var\Keychains\Analytics\sos_analytics.db-shm"
7z_list_sample,file,0,"\private\var\Keychains\Analytics\ckks_analytics.db-shm"
7z_list_sample,file,0,"\private\var\Keychains\Analytics\TransparencyAnalytics.db-shm"
7z_list_sample,file,0,"\private\var\Keychains\Analytics\networking_analytics.db"
7z_list_sample,file,0,"\private\var\Keychains\Analytics\TransparencyAnalytics.db-wal"
7z_list_sample,file,0,"\private\var\Keychains\Analytics\TransparencyAnalytics.db"
7z_list_sample,file,0,"\private\var\Keychains\Analytics\localkeychain.db-wal"
7z_list_sample,file,0,"\private\var\Keychains\Analytics\trust_analytics.db"
7z_list_sample,file,0,"\private\var\Keychains\Analytics\localkeychain.db-shm"
7z_list_sample,file,0,"\private\var\Keychains\keychain-2.db-shm"
7z_list_sample,file,0,"\private\var\Keychains\keychain-2.db-wal"
7z_list_sample,file,0,"\private\var\Keychains\com.apple.security.keychain-.TrustedPeersHelper.db"
7z_list_sample,file,0,"\private\var\Keychains\TrustStore.sqlite3"
7z_list_sample,file,0,"\private\var\Keychains\com.apple.security.keychain-defaultContext.TrustedPeersHelper.db-wal"
7z_list_sample,file,0,"\private\var\Keychains\keychain-ota-backup.plist"
7z_list_sample,file,0,"\private\var\Keychains\com.apple.security.keychain-defaultContext.TrustedPeersHelper.db-shm"
7z_list_sample,file,0,"\private\var\Keychains\keychain-2.db"
7z_list_sample,file,0,"\private\var\Keychains\com.apple.security.keychain-defaultContext.TrustedPeersHelper.db"
7z_list_sample,file,0,"\private\var\Keychains\com.apple.security.keychain-.TrustedPeersHelper.db-shm"
7z_list_sample,file,0,"\private\var\Keychains\com.apple.security.keychain-.TrustedPeersHelper.db-wal"
7z_list_sample,file,0,"\private\var\wireless\Library\Preferences\com.apple.commcenter.plist"
7z_list_sample,file,0,"\private\var\mobile\Library\SMS\sms.db"
7z_list_sample,file,0,"\private\var\mobile\Library\SMS\sms.db-wal"
7z_list_sample,file,0,"\private\var\mobile\Library\AddressBook\AddressBook.sqlitedb"
7z_list_sample,file,0,"\private\var\mobile\Library\AddressBook\AddressBook.sqlitedb-wal"
7z_list_sample,file,0,"\private\var\mobile\Library\CallHistoryDB\CallHistory.storedata"
7z_list_sample,file,0,"\private\var\mobile\Library\CallHistoryDB\CallHistory.storedata-wal"
7z_list_sample,file,0,"\private\var\mobile\Library\CallHistoryDB\CallHistoryTemp.storedata"
7z_list_sample,file,0,"\private\var\mobile\Library\CallHistoryDB\CallHistoryTemp.storedata-wal"
7z_list_sample,file,0,"\private\var\mobile\Library\Safari\History.db"
7z_list_sample,file,0,"\private\var\mobile\Library\Safari\History.db-wal"
7z_list_sample,file,0,"\private\var\mobile\Library\CoreDuet\Knowledge\knowledgeC.db"
7z_list_sample,file,0,"\private\var\mobile\Library\CoreDuet\Knowledge\knowledgeC.db-wal"
7z_list_sample,file,0,"\private\var\db\biome\streams\restricted\_DKEvent.Safari.History\local\778693516803152"
7z_list_sample,file,0,"\private\var\db\biome\streams\restricted\_DKEvent.Safari.History\local\784958383826036"
7z_list_sample,file,0,"\private\var\mobile\Library\Notes\notes.sqlite"
7z_list_sample,file,0,"\private\var\mobile\Library\Notes\notes.sqlite-wal"
7z_list_sample,file,0,"\private\var\mobile\Library\Accounts\Accounts3.sqlite"
7z_list_sample,file,0,"\private\var\mobile\Library\Accounts\Accounts3.sqlite-wal"
7z_list_sample,file,0,"\private\var\installd\Library\Logs\MobileInstallation\mobile_installation.log.0"
7z_list_sample,file,0,"\private\var\installd\Library\Logs\MobileInstallation\mobile_installation.log.1"
7z_list_sample,file,0,"\private\var\mobile\Library\FrontBoard\applicationState.db"
7z_list_sample,file,0,"\private\var\mobile\Library\FrontBoard\applicationState.db-wal"
7z_list_sample,file,0,"\private\var\mobile\Library\SpringBoard\IconState.plist"
7z_list_sample,file,0,"\System\Library\CoreServices\SystemVersion.plist"
7z_list_sample,file,0,"\private\var\wireless\Library\Preferences\com.apple.commcenter.device_specific_nobackup.plist"
7z_list_sample,file,0,"\private\var\root\Library\Lockdown\data_ark.plist"
7z_list_sample,file,0,"\private\var\mobile\Library\Preferences\com.apple.sharingd.plist"
7z_list_sample,file,0,"\private\var\mobile\Containers\Shared\AppGroup\F0057DC8-E058-4A56-8D2F-F1170E362F5C\.com.apple.mobile_container_manager.metadata.plist"
7z_list_sample,file,0,"\private\var\mobile\Containers\Shared\AppGroup\DD1A5D70-9CD9-40BC-A7C7-72FE4D034428\.com.apple.mobile_container_manager.metadata.plist"
7z_list_sample,file,0,"\private\var\mobile\Containers\Shared\AppGroup\991C13F9-F31B-4669-B8FE-2FE19EFC1413\.com.apple.mobile_container_manager.metadata.plist"
7z_list_sample,file,0,"\private\var\mobile\Containers\Shared\AppGroup\2479626C-3EB8-4FD6-AC07-0348F1502C1D\.com.apple.mobile_container_manager.metadata.plist"
7z_list_sample,file,0,"\private\var\mobile\Containers\Shared\AppGroup\3C7DAF0A-17CC-4D51-9697-6496CEB7F9EC\.com.apple.mobile_container_manager.metadata.plist"
7z_list_sample,file,0,"\private\var\mobile\Containers\Shared\AppGroup\2EF728E2-A17D-44C2-86DB-AAC61BD9DF37\.com.apple.mobile_container_manager.metadata.plist"
7z_list_sample,file,0,"\private\var\mobile\Containers\Shared\AppGroup\FFE83C44-9DC3-4E63-8EF0-C937190A8D07\.com.apple.mobile_container_manager.metadata.plist"
7z_list_sample,file,0,"\private\var\mobile\Containers\Shared\AppGroup\1F14FF8E-DA51-4A1B-B645-9F4873A435D5\.com.apple.mobile_container_manager.metadata.plist"
7z_list_sample,file,0,"\private\var\mobile\Containers\Shared\AppGroup\9AE6AF07-EA96-4713-8A62-C4E59E5EAF4F\.com.apple.mobile_container_manager.metadata.plist"
7z_list_sample,file,0,"\private\var\mobile\Containers\Shared\AppGroup\93FEFB66-63E5-4944-8877-79EB52946A68\.com.apple.mobile_container_manager.metadata.plist"
7z_list_sample,file,0,"\private\var\mobile\Containers\Shared\AppGroup\1F49B351-1B2C-4612-A599-4838CAAB4F78\.com.apple.mobile_container_manager.metadata.plist"
7z_list_sample,file,0,"\private\var\mobile\Containers\Shared\AppGroup\2A2C0A0D-10B9-4E74-949C-B922E9515449\.com.apple.mobile_container_manager.metadata.plist"
7z_list_sample,file,0,"\private\var\mobile\Containers\Shared\AppGroup\94CE5330-8740-4867-AA53-2D7F76E70923\.com.apple.mobile_container_manager.metadata.plist"
7z_list_sample,file,0,"\private\var\mobile\Containers\Shared\AppGroup\4B8F9691-705B-46E2-B6C8-7C781F621B37\.com.apple.mobile_container_manager.metadata.plist"
7z_list_sample,file,0,"\private\var\mobile\Containers\Shared\AppGroup\3F72F43E-7DE0-4FA0-BFE3-E6C023730BD3\.com.apple.mobile_container_manager.metadata.plist"
7z_list_sample,file,0,"\private\var\mobile\Containers\Shared\AppGroup\626ED5D4-C1D1-453D-85F1-DD0CAFBF048B\.com.apple.mobile_container_manager.metadata.plist"
7z_list_sample,file,0,"\private\var\mobile\Containers\Shared\AppGroup\EF87B471-9785-4C00-87CB-BDF49F0F8244\.com.apple.mobile_container_manager.metadata.plist"
7z_list_sample,file,0,"\private\var\mobile\Containers\Shared\AppGroup\A3C04DF6-0EB7-4AB5-AEB0-213A00C6AEE4\.com.apple.mobile_container_manager.metadata.plist"
7z_list_sample,file,0,"\private\var\mobile\Containers\Shared\AppGroup\0F47E23E-704C-4B91-AA32-672C854961CD\.com.apple.mobile_container_manager.metadata.plist"
7z_list_sample,file,0,"\private\var\mobile\Containers\Shared\AppGroup\A3C01CE6-63EA-4FBF-AA35-5A8D27F352F9\.com.apple.mobile_container_manager.metadata.plist"
7z_list_sample,file,0,"\private\var\mobile\Containers\Shared\AppGroup\05DEE8EB-6C01-4556-87AC-39405B37CF89\.com.apple.mobile_container_manager.metadata.plist"
7z_list_sample,file,0,"\private\var\mobile\Containers\Shared\AppGroup\0C95AC3D-4D1E-4DD7-8358-88E92683CD41\.com.apple.mobile_container_manager.metadata.plist"
7z_list_sample,file,0,"\private\var\mobile\Containers\Shared\AppGroup\E0D51F84-E374-4E84-A238-E26015C17D5E\.com.apple.mobile_container_manager.metadata.plist"
7z_list_sample,file,0,"\private\var\mobile\Containers\Shared\AppGroup\F585590F-622F-4287-BA4A-2E91E2330656\.com.apple.mobile_container_manager.metadata.plist"
7z_list_sample,file,0,"\private\var\mobile\Containers\Shared\AppGroup\1D79AC80-5625-40BC-9B3F-B9BBBE00C7FB\.com.apple.mobile_container_manager.metadata.plist"
7z_list_sample,file,0,"\private\var\mobile\Containers\Shared\AppGroup\254AFE25-B96F-4CF3-B9E1-35B987B1AEFF\.com.apple.mobile_container_manager.metadata.plist"
7z_list_sample,file,0,"\private\var\mobile\Containers\Shared\AppGroup\260E5598-2917-414B-A643-5A8399648E0A\.com.apple.mobile_container_manager.metadata.plist"
7z_list_sample,file,0,"\private\var\mobile\Containers\Shared\AppGroup\E3C45F72-A5B9-4BAB-A2CD-AEBDCF80DDCD\.com.apple.mobile_container_manager.metadata.plist"
7z_list_sample,file,0,"\private\var\mobile\Containers\Shared\AppGroup\5B24E8A7-E65F-4FA4-A110-1C5BFD1E9940\.com.apple.mobile_container_manager.metadata.plist"
7z_list_sample,file,0,"\private\var\mobile\Containers\Shared\AppGroup\32A64D96-6226-44BE-B453-70AEC5D47219\.com.apple.mobile_container_manager.metadata.plist"
7z_list_sample,file,0,"\private\var\mobile\Containers\Shared\AppGroup\4D985328-0A89-4E6B-ACD4-B9A571CD896A\.com.apple.mobile_container_manager.metadata.plist"
7z_list_sample,file,0,"\private\var\mobile\Containers\Shared\AppGroup\71DED614-215B-4AB9-9EED-F30C4552FABE\.com.apple.mobile_container_manager.metadata.plist"
7z_list_sample,file,0,"\private\var\mobile\Containers\Shared\AppGroup\CE80828C-DCCC-454D-89C4-85105510432D\.com.apple.mobile_container_manager.metadata.plist"
7z_list_sample,file,0,"\private\var\mobile\Containers\Shared\AppGroup\8F8C6BFF-4E28-4B36-9466-BDD8ABE0BFC9\.com.apple.mobile_container_manager.metadata.plist"
7z_list_sample,file,0,"\private\var\mobile\Containers\Shared\AppGroup\5EC126D6-AFB1-4B02-8811-82D763AE9507\.com.apple.mobile_container_manager.metadata.plist"
7z_list_sample,file,0,"\private\var\mobile\Containers\Shared\AppGroup\65077717-9382-4F07-B767-0619D94A574B\.com.apple.mobile_container_manager.metadata.plist"
7z_list_sample,file,0,"\private\var\mobile\Containers\Shared\AppGroup\C00FFB90-367A-4F7F-BCCD-E69C01EF412E\.com.apple.mobile_container_manager.metadata.plist"
7z_list_sample,file,0,"\private\var\mobile\Containers\Shared\AppGroup\3B6B6591-628B-487F-B262-750EE333DADC\.com.apple.mobile_container_manager.metadata.plist"
7z_list_sample,file,0,"\private\var\mobile\Containers\Shared\AppGroup\72D43ECE-DB8A-495E-8E8B-1D91638B0B4C\.com.apple.mobile_container_manager.metadata.plist"
7z_list_sample,file,0,"\private\var\mobile\Containers\Shared\AppGroup\8D23CCA7-A7BE-4812-8240-5F739F1331B9\.com.apple.mobile_container_manager.metadata.plist"
7z_list_sample,file,0,"\private\var\mobile\Containers\Shared\AppGroup\F18BB21B-43D0-4E38-BFE9-38FB45C44AF2\.com.apple.mobile_container_manager.metadata.plist"
7z_list_sample,file,0,"\private\var\mobile\Containers\Shared\AppGroup\F42758F5-D87F-4E3A-B32B-751FC971A17C\.com.apple.mobile_container_manager.metadata.plist"
7z_list_sample,file,0,"\private\var\mobile\Containers\Shared\AppGroup\994C6A6B-2635-466B-91FD-013230631377\.com.apple.mobile_container_manager.metadata.plist"
7z_list_sample,file,0,"\private\var\mobile\Containers\Shared\AppGroup\F0D8929F-9C6C-4480-A2B5-55E1265B4A1B\.com.apple.mobile_container_manager.metadata.plist"
7z_list_sample,file,0,"\private\var\mobile\Containers\Shared\AppGroup\249D96B0-8D91-44F8-8CCE-42C70E7750E1\.com.apple.mobile_container_manager.metadata.plist"
7z_list_sample,file,0,"\private\var\mobile\Containers\Shared\AppGroup\B083A6C4-F9EE-4CBC-97E2-429058618FAE\.com.apple.mobile_container_manager.metadata.plist"
7z_list_sample,file,0,"\private\var\mobile\Containers\Shared\AppGroup\DD935D63-E94E-402F-9C38-96747C03B7A1\.com.apple.mobile_container_manager.metadata.plist"
7z_list_sample,file,0,"\private\var\mobile\Containers\Shared\AppGroup\48667DEC-BE35-4283-B611-F46E1242914A\.com.apple.mobile_container_manager.metadata.plist"
7z_list_sample,file,0,"\private\var\mobile\Containers\Shared\AppGroup\466FB00F-6B78-483A-B107-BC118F250C7F\.com.apple.mobile_container_manager.metadata.plist"
7z_list_sample,file,0,"\private\var\mobile\Containers\Shared\AppGroup\9E230F21-DEEA-407E-801E-3FDF33A78689\.com.apple.mobile_container_manager.metadata.plist"
7z_list_sample,file,0,"\private\var\mobile\Containers\Shared\AppGroup\07302841-BD10-44D6-BCEC-B059BA4657B5\.com.apple.mobile_container_manager.metadata.plist"
7z_list_sample,file,0,"\private\var\mobile\Containers\Shared\AppGroup\93710E92-B79E-4A4F-992A-4C4EA4E25ADD\.com.apple.mobile_container_manager.metadata.plist"
7z_list_sample,file,0,"\private\var\mobile\Containers\Shared\AppGroup\F864C89A-6AE3-4022-A18A-0172160DC10E\.com.apple.mobile_container_manager.metadata.plist"
7z_list_sample,file,0,"\private\var\mobile\Containers\Shared\AppGroup\14303451-31EE-4E97-BB84-651A2EE2CE38\.com.apple.mobile_container_manager.metadata.plist"
7z_list_sample,file,0,"\private\var\mobile\Containers\Shared\AppGroup\D8BDC0EB-1064-46D1-8324-44EC82A5D320\.com.apple.mobile_container_manager.metadata.plist"
7z_list_sample,file,0,"\private\var\mobile\Containers\Shared\AppGroup\827E5922-F82B-4D08-AA98-841ACADCD4FA\.com.apple.mobile_container_manager.metadata.plist"
7z_list_sample,file,0,"\private\var\mobile\Containers\Shared\AppGroup\2CB70DDC-CEE2-49FD-9D7C-D2CE201F6422\.com.apple.mobile_container_manager.metadata.plist"
7z_list_sample,file,0,"\private\var\mobile\Containers\Shared\AppGroup\F0A0166D-0C61-4E1C-8F63-8B4204E81711\.com.apple.mobile_container_manager.metadata.plist"
7z_list_sample,file,0,"\private\var\mobile\Containers\Shared\AppGroup\3E746E26-92EE-4B35-83BA-762C053B1454\.com.apple.mobile_container_manager.metadata.plist"
7z_list_sample,file,0,"\private\var\mobile\Containers\Shared\AppGroup\5FAF986A-594C-41BE-A6F9-1764D7439998\.com.apple.mobile_container_manager.metadata.plist"
7z_list_sample,file,0,"\private\var\mobile\Containers\Shared\AppGroup\E669C204-95D8-4CAD-88ED-C3EF2CF1619D\.com.apple.mobile_container_manager.metadata.plist"
7z_list_sample,file,0,"\private\var\mobile\Containers\Shared\AppGroup\63926F41-AC6E-491B-95B3-8CF67A76F72F\.com.apple.mobile_container_manager.metadata.plist"
7z_list_sample,file,0,"\private\var\mobile\Containers\Shared\AppGroup\88BDB460-4DCA-4E94-84B1-1CEE95D85C82\.com.apple.mobile_container_manager.metadata.plist"
7z_list_sample,file,0,"\private\var\mobile\Containers\Shared\AppGroup\ABAC327C-B829-4168-8C9A-44CD258E418C\.com.apple.mobile_container_manager.metadata.plist"
7z_list_sample,file,0,"\private\var\mobile\Containers\Shared\AppGroup\3882972B-C117-427B-934B-199889E7534E\.com.apple.mobile_container_manager.metadata.plist"
7z_list_sample,file,0,"\private\var\mobile\Containers\Shared\AppGroup\C9A94BD0-325C-44C7-A2B1-993DA52189B0\.com.apple.mobile_container_manager.metadata.plist"
7z_list_sample,file,0,"\private\var\mobile\Containers\Shared\AppGroup\32ADAC08-B66C-42F1-8BC3-2893DD7C7E8B\.com.apple.mobile_container_manager.metadata.plist"
7z_list_sample,file,0,"\private\var\mobile\Containers\Shared\AppGroup\BDF61A34-7F18-479D-AA67-43EAB7AD769E\.com.apple.mobile_container_manager.metadata.plist"
7z_list_sample,file,0,"\private\var\mobile\Containers\Shared\AppGroup\31139298-92BF-47C9-85A1-6286314CE5D7\.com.apple.mobile_container_manager.metadata.plist"
7z_list_sample,file,0,"\private\var\mobile\Containers\Shared\AppGroup\4E655757-4366-409A-9F4E-38B4091F079D\.com.apple.mobile_container_manager.metadata.plist"
7z_list_sample,file,0,"\private\var\mobile\Containers\Shared\AppGroup\18981411-2F81-4020-A165-5996E05A2401\.com.apple.mobile_container_manager.metadata.plist"
7z_list_sample,file,0,"\private\var\mobile\Containers\Shared\AppGroup\F166AAD9-CE1D-40E2-8B56-E326268359E2\.com.apple.mobile_container_manager.metadata.plist"
7z_list_sample,file,0,"\private\var\mobile\Containers\Shared\AppGroup\2AD85454-BA44-45EB-A3BC-C9942F35AEFC\.com.apple.mobile_container_manager.metadata.plist"
7z_list_sample,file,0,"\private\var\mobile\Containers\Shared\AppGroup\A1146B3A-23EA-4A9B-97C0-9E89C208F9E3\.com.apple.mobile_container_manager.metadata.plist"
7z_list_sample,file,0,"\private\var\mobile\Containers\Shared\AppGroup\2FCA93D4-7E6A-4B7E-B62B-8AA6161EA018\.com.apple.mobile_container_manager.metadata.plist"
7z_list_sample,file,0,"\private\var\mobile\Containers\Shared\AppGroup\DDBB9FF5-FB52-4A72-86FE-B82EA00D7D17\.com.apple.mobile_container_manager.metadata.plist"
7z_list_sample,file,0,"\private\var\mobile\Containers\Shared\AppGroup\BFC21D26-B8BA-43AC-BAEF-4AC48647A214\.com.apple.mobile_container_manager.metadata.plist"
7z_list_sample,file,0,"\private\var\mobile\Containers\Shared\AppGroup\83D91C51-C715-4634-8F6A-71867A845B8B\.com.apple.mobile_container_manager.metadata.plist"
7z_list_sample,file,0,"\private\var\mobile\Containers\Shared\AppGroup\72D504CC-F988-433E-8CAB-E6E3E12AF44B\.com.apple.mobile_container_manager.metadata.plist"
7z_list_sample,file,0,"\private\var\mobile\Containers\Shared\AppGroup\85D77C87-40A7-49FD-B35A-AF3E2C843FC6\.com.apple.mobile_container_manager.metadata.plist"
7z_list_sample,file,0,"\private\var\mobile\Containers\Shared\AppGroup\36023D7F-DFE5-40D1-97A5-B3C5B9740B0F\.com.apple.mobile_container_manager.metadata.plist"
7z_list_sample,file,0,"\private\var\mobile\Containers\Shared\AppGroup\A014250C-D20A-40CD-B959-AEDCFBE5FA41\.com.apple.mobile_container_manager.metadata.plist"
7z_list_sample,file,0,"\private\var\mobile\Containers\Shared\AppGroup\A8E92290-FB4C-4248-85D1-664B893A6300\.com.apple.mobile_container_manager.metadata.plist"
7z_list_sample,file,0,"\private\var\mobile\Containers\Shared\AppGroup\ED32DEAF-5AC6-4143-ADE9-C0F6467FC97F\.com.apple.mobile_container_manager.metadata.plist"
7z_list_sample,file,0,"\private\var\mobile\Containers\Shared\AppGroup\15758ADB-2DC7-48A0-93E2-4BD267501E12\.com.apple.mobile_container_manager.metadata.plist"
7z_list_sample,file,0,"\private\var\mobile\Containers\Shared\AppGroup\E30D3D57-97A1-4197-8E21-607AE7D284BA\.com.apple.mobile_container_manager.metadata.plist"
7z_list_sample,file,0,"\private\var\mobile\Containers\Shared\AppGroup\E084FFF0-2ABA-4093-B8C0-B08A823CCD2D\.com.apple.mobile_container_manager.metadata.plist"
7z_list_sample,file,0,"\private\var\mobile\Containers\Shared\AppGroup\7324FDF2-7CFC-4212-8D05-B5487D60FFE2\.com.apple.mobile_container_manager.metadata.plist"
7z_list_sample,file,0,"\private\var\mobile\Containers\Shared\AppGroup\D55427DD-3B24-422E-824F-A328A957C878\.com.apple.mobile_container_manager.metadata.plist"
7z_list_sample,file,0,"\private\var\mobile\Containers\Shared\AppGroup\09DD7CC0-F61F-4D30-ADAE-9C0AD06D58FD\.com.apple.mobile_container_manager.metadata.plist"
7z_list_sample,file,0,"\private\var\mobile\Containers\Shared\AppGroup\886828AF-9149-473E-9724-B1EB92C94D9A\.com.apple.mobile_container_manager.metadata.plist"
7z_list_sample,file,0,"\private\var\mobile\Containers\Shared\AppGroup\01771820-8F68-46FF-BD31-C2AD351AF8B0\.com.apple.mobile_container_manager.metadata.plist"
7z_list_sample,file,0,"\private\var\mobile\Containers\Shared\AppGroup\3DF980CA-759C-4358-AF8A-C5C6EDA50C2A\.com.apple.mobile_container_manager.metadata.plist"
7z_list_sample,file,0,"\private\var\mobile\Containers\Shared\AppGroup\D156716A-3840-4136-8E83-C722426BB097\.com.apple.mobile_container_manager.metadata.plist"
7z_list_sample,file,0,"\private\var\mobile\Containers\Shared\AppGroup\476F6ABF-32BA-48F3-AE58-1EA5802D3489\.com.apple.mobile_container_manager.metadata.plist"
7z_list_sample,file,0,"\private\var\mobile\Containers\Shared\AppGroup\AB89A595-D9BD-4ACE-8769-547B77341B4B\.com.apple.mobile_container_manager.metadata.plist"
7z_list_sample,file,0,"\private\var\mobile\Containers\Shared\AppGroup\4CE9D6F0-3941-47A4-BB27-BB157A8A20A1\.com.apple.mobile_container_manager.metadata.plist"
7z_list_sample,file,0,"\private\var\mobile\Containers\Shared\AppGroup\9CF5572E-6542-435E-91CC-52D78BD3DBE6\.com.apple.mobile_container_manager.metadata.plist"
7z_list_sample,file,0,"\private\var\mobile\Containers\Shared\AppGroup\B5F5C357-0444-4B01-ABC8-072ED3D264F5\.com.apple.mobile_container_manager.metadata.plist"
7z_list_sample,file,0,"\private\var\mobile\Containers\Shared\AppGroup\C19AC03D-2ACC-4E98-B557-53A39253C0E8\.com.apple.mobile_container_manager.metadata.plist"
7z_list_sample,file,0,"\private\var\mobile\Containers\Shared\AppGroup\2F080A07-1008-4E06-AFCD-D8E730BA021E\.com.apple.mobile_container_manager.metadata.plist"
7z_list_sample,file,0,"\private\var\mobile\Containers\Shared\AppGroup\0A5EABC0-432C-440E-AB8E-A805E2886A2D\.com.apple.mobile_container_manager.metadata.plist"
7z_list_sample,file,0,"\private\var\mobile\Containers\Shared\AppGroup\ACDEAF6B-DD31-4518-802F-31F95778BA4F\.com.apple.mobile_container_manager.metadata.plist"
7z_list_sample,file,0,"\private\var\mobile\Containers\Shared\AppGroup\6771543B-3A36-4D30-9A74-067BC77297B5\.com.apple.mobile_container_manager.metadata.plist"
7z_list_sample,file,0,"\private\var\mobile\Containers\Shared\AppGroup\103756D9-C3F2-44FB-A1F3-98078B579A7D\.com.apple.mobile_container_manager.metadata.plist"
7z_list_sample,file,0,"\private\var\mobile\Containers\Shared\AppGroup\83A48AFF-C73D-445C-8CB8-6B3430F00DFE\.com.apple.mobile_container_manager.metadata.plist"
7z_list_sample,file,0,"\private\var\mobile\Containers\Shared\AppGroup\928CF542-4E0C-4557-8406-9F8E804D14DC\.com.apple.mobile_container_manager.metadata.plist"
7z_list_sample,file,0,"\private\var\mobile\Containers\Shared\AppGroup\F0866C72-F031-4DF2-B9EF-137082843400\.com.apple.mobile_container_manager.metadata.plist"
7z_list_sample,file,0,"\private\var\mobile\Containers\Shared\AppGroup\85E58005-8D8F-4B58-B3C9-48851B7551CD\.com.apple.mobile_container_manager.metadata.plist"
7z_list_sample,file,0,"\private\var\mobile\Containers\Shared\AppGroup\736C3FEE-BC41-4258-9984-C65560788A6D\.com.apple.mobile_container_manager.metadata.plist"
7z_list_sample,file,0,"\private\var\mobile\Containers\Shared\AppGroup\A1F86D33-7D36-4FC7-9720-876C0B122512\.com.apple.mobile_container_manager.metadata.plist"
7z_list_sample,file,0,"\private\var\mobile\Containers\Shared\AppGroup\4AB70D9B-4322-4D06-AEA2-D04877C2EBB1\.com.apple.mobile_container_manager.metadata.plist"
7z_list_sample,file,0,"\private\var\mobile\Containers\Shared\AppGroup\7C7667E1-11AD-41AE-ACB9-CF2BA173F37D\.com.apple.mobile_container_manager.metadata.plist"
7z_list_sample,file,0,"\private\var\mobile\Containers\Shared\AppGroup\FFB803AA-AD98-45CC-BF89-0ACDA7D7A924\.com.apple.mobile_container_manager.metadata.plist"
7z_list_sample,file,0,"\private\var\mobile\Containers\Shared\AppGroup\02D1CC26-EAC3-4A29-8963-908DC2EC0738\.com.apple.mobile_container_manager.metadata.plist"
7z_list_sample,file,0,"\private\var\mobile\Containers\Shared\AppGroup\53953054-9781-480D-98F9-0A914B9991B2\.com.apple.mobile_container_manager.metadata.plist"
7z_list_sample,file,0,"\private\var\mobile\Containers\Shared\AppGroup\4D3924B0-6222-4648-B15B-4AAFDAC4BEC8\.com.apple.mobile_container_manager.metadata.plist"
7z_list_sample,file,0,"\private\var\mobile\Containers\Shared\AppGroup\742C6A20-AA5A-4E74-B977-7488AC1F51B9\.com.apple.mobile_container_manager.metadata.plist"
7z_list_sample,file,0,"\private\var\mobile\Containers\Shared\AppGroup\E07E87E6-BED2-40A4-92E6-4B3A9FC568E0\.com.apple.mobile_container_manager.metadata.plist"
7z_list_sample,file,0,"\private\var\mobile\Containers\Shared\AppGroup\5FDF0BF7-44C9-4C23-9D3C-38693FCB5F16\.com.apple.mobile_container_manager.metadata.plist"
7z_list_sample,file,0,"\private\var\mobile\Containers\Shared\AppGroup\4808806F-9CB2-4316-B8AF-BD275DC080A2\.com.apple.mobile_container_manager.metadata.plist"
7z_list_sample,file,0,"\private\var\mobile\Containers\Shared\AppGroup\B749F885-3621-4ED3-AD8D-40DBDB452B8E\.com.apple.mobile_container_manager.metadata.plist"
7z_list_sample,file,0,"\private\var\mobile\Containers\Shared\AppGroup\14881DA1-1618-40BD-ADB7-E694C8DC76AF\.com.apple.mobile_container_manager.metadata.plist"
7z_list_sample,file,0,"\private\var\mobile\Containers\Shared\AppGroup\67631D63-E4FF-4E4E-B4B1-BA37421107F4\.com.apple.mobile_container_manager.metadata.plist"
7z_list_sample,file,0,"\private\var\mobile\Containers\Shared\AppGroup\A53AA48D-0BFD-4B30-904F-47BBABE3CB24\.com.apple.mobile_container_manager.metadata.plist"
7z_list_sample,file,0,"\private\var\mobile\Containers\Shared\AppGroup\990880E3-9A51-42FC-84FF-DC5EB8AB0BC9\.com.apple.mobile_container_manager.metadata.plist"
7z_list_sample,file,0,"\private\var\mobile\Containers\Shared\AppGroup\CBE46A9E-CD70-448A-9477-BE63E85110CA\.com.apple.mobile_container_manager.metadata.plist"
7z_list_sample,file,0,"\private\var\mobile\Containers\Shared\AppGroup\7638621B-271C-4C18-A5E5-2A4AF1581F87\.com.apple.mobile_container_manager.metadata.plist"
7z_list_sample,file,0,"\private\var\mobile\Containers\Shared\AppGroup\D01D3F30-2A77-4977-96DB-846AF6CBEB38\.com.apple.mobile_container_manager.metadata.plist"
7z_list_sample,file,0,"\private\var\mobile\Containers\Shared\AppGroup\6DD461D5-6D7C-4939-99EC-F3BBC9B82980\.com.apple.mobile_container_manager.metadata.plist"
7z_list_sample,file,0,"\private\var\mobile\Containers\Shared\AppGroup\1A708E47-A159-43E9-96E5-5AC79C8F4D52\.com.apple.mobile_container_manager.metadata.plist"
7z_list_sample,file,0,"\private\var\mobile\Containers\Shared\AppGroup\E868D157-0DD8-4FB4-B257-027E71DA709B\.com.apple.mobile_container_manager.metadata.plist"
7z_list_sample,file,0,"\private\var\mobile\Containers\Shared\AppGroup\14D8D000-B507-49B3-AF0E-DC6342730B1F\.com.apple.mobile_container_manager.metadata.plist"
7z_list_sample,file,0,"\private\var\mobile\Containers\Shared\AppGroup\2046127B-FBDD-46C2-9365-495FAD0158CA\.com.apple.mobile_container_manager.metadata.plist"
7z_list_sample,file,0,"\private\var\mobile\Containers\Shared\AppGroup\E3A02520-7C36-442F-B6E9-4442A66CA676\.com.apple.mobile_container_manager.metadata.plist"
7z_list_sample,file,0,"\private\var\mobile\Containers\Shared\AppGroup\5CC21F36-1CEE-4E3D-8E56-FA43551C66F6\.com.apple.mobile_container_manager.metadata.plist"
